616459693142061057||CiuSiuSan||RT @detikcom: Jokowi Teken Perpres Rencana Aksi Nasional HAM 2015-2019 http://t.co/jnm1gXy7ko||2015-07-02 11:13:38||null
616459652100788226||antondr||JHT BPJS bs cair stlh 10th maks 30%  gmn kl buruh kn phk tanpa pesangon ! Srh mati muda sekeluarga ? Kok ga mikir sih @hanifdhakiri @jokowi||2015-07-02 11:13:28||null
616459627702587392||dodyeltari||@jokowi #savePapua @Prabowo08 @SangPemburu99 @Jokowih_do2 @TwitAjah @Bhineka08 http://t.co/oC9jsJfvsU||2015-07-02 11:13:23||null
616459620928729088||lanamanggala||@jokowi  pa jokowi yg terhormat. . Mohon pa do review mengenai k3bijakan bpjs jht yg baru dapat di ambil ktoka 10 thn dan hanya 10 %.||2015-07-02 11:13:21||null
616459620442189824||presyar||RT @ConnellyAL: Economists emerge from meeting with President Jokowi saying he's keen to replace his economic ministers. http://t.co/4PR7lY‚Ä¶||2015-07-02 11:13:21||null
616459583591022592||TheBestDewo||@jokowi  #Nantang_Perkoro. Nantang perkoro ko sama Allah SWT maka #Hancur_Leburlah @jokowi n kroni2nya | Peka News http://t.co/F4LkMjzMtf||2015-07-02 11:13:12||null
616459525328142336||WikiDPR||#kom3 @ruhutsitompul #sumut1 @PartaiDemokrat : Pak jokowi dgn saya sama kegemarannya, kami sama2 pelihara kodok||2015-07-02 11:12:58||null
616459504494882817||babysavira||Tahukah kita, di 6 bulan kerja Presiden Jokowi ternyata banyak sekali tantangan‚Ä¶ (w/ Wiratama, üíÖMrsNdyüç≠, & Devy) ‚Äî https://t.co/vZHxCNCKoD||2015-07-02 11:12:53||null
616459503760863232||hotradiofm||Tak Puas dengan Kinerja Tim Ekonomi, Jokowi Turun Tangan Lobi Investor http://t.co/eSlxJw60z1  via @kompascom  #Symphony||2015-07-02 11:12:53||null
616459503496658944||abdi_aceh||RT @CollectionYazid: Namun Jokowi sangat percaya diri, karena ia hadir mewakili keburukan para pemilihnya yang kini larut menjadi pemujanya.||2015-07-02 11:12:53||null
616459470747660290||UrbanPlural||Jokowi, Ahok and Belitung‚Äôs Durian http://t.co/30AkblnqHE #PemimpinProfesional #UrbanPlural||2015-07-02 11:12:45||null
616459458214932480||abdulaman3105||@wongmlaku smnjk JOKOWI jadi preSEDEN, Harga2 pada mahal smua. Rupiah jd sampah,  psoalan hukum di sesuaikan kepentingan yg maha kuasa||2015-07-02 11:12:42||null
616459454205169664||bangajee||Bahas THR mungkin ! "@republikaonline: Bos Freeport Bertemu Jokowi di Istana, Ada Apa? http://t.co/kn8nc3bjQ2" ya gitu mas @maspiyungan ?||2015-07-02 11:12:41||GeoLocation{latitude=-6.1083111, longitude=106.7415099}
616459421271470081||badillapedia||Habis Jadi Pahlawan Kesiangan, Tjahjo Kumolo Bakal Ditendang Dari Kursi Para Menteri?: Jika Presiden Jokowi ha... http://t.co/uvGjDDTXWM||2015-07-02 11:12:33||null
616459418968834048||MentionOrder||Nyinyir di Twitter, Ahmad Dhani Minta Jokowi Diganti - http://t.co/qUqqMx9gO1 http://t.co/N6EwbrL9aJ||2015-07-02 11:12:33||null
616459418708742146||nuri_pryanty||Pingin Jadi Bos Bulog,Ahok Minta Ke Jokowi http://t.co/NMZboPzJ9d #Berita http://t.co/VDzfFw9x2o||2015-07-02 11:12:33||null
616459417291091977||IDMention||Nyinyir di Twitter, Ahmad Dhani Minta Jokowi Diganti - http://t.co/8Z7Qufu1xZ http://t.co/hVw3Eji7Wv||2015-07-02 11:12:33||null
616459417257545728||Merdeka24Com||Pingin Jadi Bos Bulog,Ahok Minta Ke Jokowi http://t.co/JS6BLl5mxQ||2015-07-02 11:12:32||null
616459388677550080||ryan_kevin90||Habis Jadi Pahlawan Kesiangan, Tjahjo Kumolo Bakal Ditendang Dari Kursi Para Menteri?: Jika Presiden Jokowi ha... http://t.co/fdVyANRpJO||2015-07-02 11:12:26||null
616459382310617088||bulltwitpolitik||Habis Jadi Pahlawan Kesiangan, Tjahjo Kumolo Bakal Ditendang Dari Kursi Para Menteri?: Jika Presiden Jokowi ha... http://t.co/InFi46u3dH||2015-07-02 11:12:24||null
616459380133728256||singa_com||Pak @jokowi  jangan hanya Korban Hercules /TNI dI perhatikan,mereka  korban yg tewas rumahnya yg ketimpa Hercules perhatikan juga @DPR_RI||2015-07-02 11:12:24||null
616459330997489664||kandilsasmita||RT @soloposdotcom: KONTRAK KARYA FREEPORT : Petinggi Freeport Temui Jokowi di Istana, Ada Apa? http://t.co/Ndp5xB9YJW||2015-07-02 11:12:12||null
616459297090875392||themaskur||RT @kompascom: Tak Puas dengan Kinerja Tim Ekonomi, Jokowi Turun Tangan Lobi Investor http://t.co/XeXXSesZUk||2015-07-02 11:12:04||null
616459293106262016||TheBestDewo||Dulu Jokowi Undang Azab Allah, Sekarang Jokowi Ketakutan Dengan Musibah | Peka News http://t.co/zFHC7Rp7gF||2015-07-02 11:12:03||null
616459271644008448||utamisintya77||RT @ENews_NET: @sammy0809SmrgkR pernah diundang Bapak Presiden Joko Widodo @jokowi untuk moment spesial. Selengkapnya di @ENews_NET siang i‚Ä¶||2015-07-02 11:11:58||null
616459172503158784||fauzihs||@aisseru @geberbumn mungkin gedungnya @BPJSTKinfo bisa dinaikin pak @hanifdhakiri pastinya buruh yg upahnya tdk dibayar akan dukung @jokowi||2015-07-02 11:11:34||null
616459165058203648||ariandita||@jokowi, Apa Penerus Anda adalah Generasi muda Sakit-sakitan karena Rokok? #DukungFCTC - Paraf ... https://t.co/oYik7hfen0 via @ChangeOrg_ID||2015-07-02 11:11:32||null
616459153771335682||Donny_Yoga||RT @detikcom: Jokowi Teken Perpres Rencana Aksi Nasional HAM 2015-2019 http://t.co/jnm1gXy7ko||2015-07-02 11:11:30||null
616459140601413636||DudungNW||@hestinaaa_ mending gw melet pak jokowi,, ga bayar lagi :p||2015-07-02 11:11:27||null
616459089921466368||abigailxirwin||RT @kendallsquads: Well  i just read the tweets of #SudahlahJokowi and its disgusting.i have my full respect towards Mr Jokowi. good luck s‚Ä¶||2015-07-02 11:11:14||null
616459027078320128||azwarsiregar||Jokowi menjadi Imam Shalat Maghrib di pesantren tasik http://t.co/6XhuBlGKzs||2015-07-02 11:10:59||null
616459000301776896||bangajee||Cuci otak !! "@ragilnugroho1: #jokowipedia berisi konten menyesatkan agar rezim Jokowi tetap mengkilap"||2015-07-02 11:10:53||GeoLocation{latitude=-6.108255, longitude=106.7416212}
616458991728762880||ahmad_sehu||lu rasain sndri nih akibat pemerintahan jokodok. wkwkwkwkmemang cerdas yg pilih jokowi. knp gw slahin jokowi?... http://t.co/1cidRG0jkj||2015-07-02 11:10:51||null
616458946207981568||soloposdotcom||KONTRAK KARYA FREEPORT : Petinggi Freeport Temui Jokowi di Istana, Ada Apa? http://t.co/Ndp5xB9YJW||2015-07-02 11:10:40||null
616458944790306816||SpecialBuatLoe||#twitter Nyinyir di Twitter, Ahmad Dhani Minta Jokowi Diganti - http://t.co/X0rCPvTgfb http://t.co/cU80fGtgV5||2015-07-02 11:10:40||null
616458903505797120||SiaranLampung||Buka Borok Kolega di Kabinet, Menteri Jokowi Dinilai Ciptakan Tradisi Buruk http://t.co/a937sSjtMs via SiaranLampung||2015-07-02 11:10:30||null
616458872740384768||opantutri||RT @ENews_NET: @sammy0809SmrgkR pernah diundang Bapak Presiden Joko Widodo @jokowi untuk moment spesial. Selengkapnya di @ENews_NET siang i‚Ä¶||2015-07-02 11:10:23||null
616458868952924160||GODR1L||Oh, rezim badut aka @jokowi ituuuh...  RT @mfahmia2705: duit duit saya,kenapa pemerintah yg ngatur2 kapan saya cairin?#JHT||2015-07-02 11:10:22||null
616458817400737792||mesaksalabay||RT @VIVAcoid: Freeport Bertemu Jokowi, Apa yang Dibahas ? http://t.co/jRMtzCtUHh http://t.co/1Q1UUZszQy||2015-07-02 11:10:09||null
616458810220089344||erwindwipasan||#kom3 @ruhutsitompul #sumut1 @PartaiDemokrat : Pak jokowi dgn saya sama kegemarannya, kami sama2 pelihara kodok @WikiDPR||2015-07-02 11:10:08||null
616458770772660225||anaklanang1983||RT @republikaonline: Bos Freeport Bertemu Jokowi di Istana, Ada Apa? http://t.co/BdY4aHuqPP||2015-07-02 11:09:58||null
616458732902330369||FiviArqom||RT @ENews_NET: @sammy0809SmrgkR pernah diundang Bapak Presiden Joko Widodo @jokowi untuk moment spesial. Selengkapnya di @ENews_NET siang i‚Ä¶||2015-07-02 11:09:49||null
616458717345615872||kanalsemarang||KONTRAK KARYA FREEPORT : Petinggi Freeport Temui Jokowi di Istana, Ada Apa? http://t.co/74p8wrSRIE||2015-07-02 11:09:46||null
616458711788163072||returnfly||RT @dreybotak: @jokowi bodo https://t.co/FQXITKgypK||2015-07-02 11:09:44||null
616458647653085185||vanessaawidii_||RT @ENews_NET: @sammy0809SmrgkR pernah diundang Bapak Presiden Joko Widodo @jokowi untuk moment spesial. Selengkapnya di @ENews_NET siang i‚Ä¶||2015-07-02 11:09:29||null
616458646940094466||BeritaPKB||RT @ogysugiyono: Marwan Minta Kepala Daerah Salurkan Dana Desa: http://t.co/aWngOsI2UC @jokowi @blontankpoer @nukman||2015-07-02 11:09:29||null
616458640036212737||TheBestDewo||@jokowi n kroni2_nya #Nantang_Perkoro. Nantang perkoro ko sama Allah SWT maka #Hancur_Leburlah @jokowi n kroni2nya https://t.co/X0Z20O8PU5||2015-07-02 11:09:27||null
616458639155396608||Restyies||Nguber Jokowi pake golok dia pun lari terkencing2 akhirnya nyebur ke comberan samping istana  ,saking serunya pas bangun gw yg keringatan||2015-07-02 11:09:27||null
616458623066071041||EN_CitizenDaily||President Jokowi Pledges to Accelerate Long-Delayed Indigenous Rights¬†Law http://t.co/523E0oz6Po||2015-07-02 11:09:23||null
616458622965395456||Guna_Artha||RT @kompascom: Tak Puas dengan Kinerja Tim Ekonomi, Jokowi Turun Tangan Lobi Investor http://t.co/XeXXSesZUk||2015-07-02 11:09:23||null
616458606863499264||sammy0809SmrgkR||RT @ENews_NET: @sammy0809SmrgkR pernah diundang Bapak Presiden Joko Widodo @jokowi untuk moment spesial. Selengkapnya di @ENews_NET siang i‚Ä¶||2015-07-02 11:09:19||null
616458583471816704||ogysugiyono||http://t.co/eHoWUP47wV: Menteri @marwan_jafar : Salurkan Dana Desa Secepat Mungkin http://t.co/CJGCXU7lHw @detikcom @jokowi @LuhutPandjaitan||2015-07-02 11:09:14||null
616458578170351621||uchaidar||Freeport Bertemu Jokowi, Apa yang Dibahas ?: Jokowi tegaskan komitmen investasi perusahaan‚Ä¶ http://t.co/d4Sf0rfOZ7||2015-07-02 11:09:12||null
616458555890118656||neilrchatterjee||Jokowi meets at the palace with economists fail to turn around negative perceptions on economy http://t.co/k4vYCPjCiV||2015-07-02 11:09:07||null
616458546784436224||ENews_NET||@sammy0809SmrgkR pernah diundang Bapak Presiden Joko Widodo @jokowi untuk moment spesial. Selengkapnya di @ENews_NET siang ini ^^||2015-07-02 11:09:05||null
616458504568635392||zulhamdy||Apa guna teamwork pak jkw?  "@kompascom: Tak Puas dengan Kinerja Tim Ekonomi, Jokowi Turun Tangan Lobi Investor http://t.co/U0wMK63ah2"||2015-07-02 11:08:55||null
616458489402126336||matthers928||RT @BERITAindonesia: #BeritaIndonesia Jokowi Teken Perpres Rencana Aksi Nasional HAM 2015-2019 http://t.co/YND3Cf2cs1 http://t.co/70EGcuJ44Q||2015-07-02 11:08:51||null
616458443642122240||eef_heryanto||RT @dreybotak: @jokowi Mao jadi perampok hak rakyat om jok? https://t.co/0YLnuncYFI||2015-07-02 11:08:40||null
616458375404978176||eef_heryanto||RT @dreybotak: Turunkan @jokowi !!! https://t.co/dSN0NSruAZ||2015-07-02 11:08:24||null
616458325476052992||eef_heryanto||RT @dreybotak: @jokowi makin lama makin ancur lu jok ah! https://t.co/dSN0NSruAZ||2015-07-02 11:08:12||null
616458295797092352||SewaRumahBTG||Nyinyir di Twitter, Ahmad Dhani Minta Jokowi Diganti - http://t.co/3khiKuGYDK http://t.co/YghjndqDWW||2015-07-02 11:08:05||null
616458292458491904||nurazmibpn||Nyinyir di Twitter, Ahmad Dhani Minta Jokowi Diganti - http://t.co/tjqjFenSfE http://t.co/ehM4howwGT||2015-07-02 11:08:04||null
616458289803497472||PuisiJokowi||#Kediri PESAWAT JATUH: Usai Celaka, Hercules Dikandangkan Sementara  http://t.co/lsPtIufoDW||2015-07-02 11:08:04||null
616458288645865472||PuisiJokowi||#Kediri Sejak Oktober 2014, Avril Lavigne Lumpuh  http://t.co/lsPtIufoDW||2015-07-02 11:08:03||null
616458287739899904||PuisiJokowi||#Kediri Ekonomi Melambat, Penerimaan Pajak Baru 37,3 Persen  http://t.co/lsPtIufoDW||2015-07-02 11:08:03||null
616458286993313792||PuisiJokowi||#Kediri Indonesia Tak Masuk 10 Negara Asia yang Andalkan Pariwisata  http://t.co/lsPtIufoDW||2015-07-02 11:08:03||null
616458285936345088||PuisiJokowi||#Kediri Hercules Jatuh, Moeldoko: Rata-rata Pesawat TNI Sudah Uzur  http://t.co/lsPtIufoDW||2015-07-02 11:08:03||null
616458284141182976||DLyall42||@jokowi : @DPR_RI :@VIVAcoid: Sparuh Alutsista TNI Sdh Umur. 1/2 Abad RT..Remaja kan !!! Drpd utk Dana Aspirasi DPRRI mnding utk alutsista||2015-07-02 11:08:02||null
616458283369414656||jokowiclub||Video PESAWAT JATUH: Usai Celaka, Hercules Dikandangkan Sementara  http://t.co/zR28yi1ha9||2015-07-02 11:08:02||null
616458282404745216||jokowiclub||Video Sejak Oktober 2014, Avril Lavigne Lumpuh  http://t.co/zR28yi1ha9||2015-07-02 11:08:02||null
616458281683259392||jokowiclub||Video Ekonomi Melambat, Penerimaan Pajak Baru 37,3 Persen  http://t.co/zR28yi1ha9||2015-07-02 11:08:02||null
616458280521478144||jokowiclub||Video Indonesia Tak Masuk 10 Negara Asia yang Andalkan Pariwisata  http://t.co/zR28yi1ha9||2015-07-02 11:08:01||null
616458279200239618||jokowiclub||Video Hercules Jatuh, Moeldoko: Rata-rata Pesawat TNI Sudah Uzur  http://t.co/zR28yi1ha9||2015-07-02 11:08:01||null
616458197042266112||eef_heryanto||RT @dreybotak: @jokowi negara bangkrut!!!!!!!! https://t.co/dSN0NSruAZ||2015-07-02 11:07:42||null
616458195112857600||PuisiJokowi||#malang PM Inggris Janjikan Tanggapan Keras atas Serangan di Tunisia  http://t.co/kcSFtaxfc5||2015-07-02 11:07:41||null
616458167912771584||CeritaLampung||Buka Borok Kolega di Kabinet, Menteri Jokowi Dinilai Ciptakan Tradisi Buruk http://t.co/BTNElxNpY1||2015-07-02 11:07:35||null
616458141333483520||eef_heryanto||RT @dreybotak: Cc @jokowi .... ini perampokan!!!!! https://t.co/dSN0NSruAZ||2015-07-02 11:07:28||null
616458139840286721||gruduk1978||Linknya dong mas buat @kurawa @addiems @fadjroeL @ragilnugroho1: #jokowipedia berisi konten menyesatkan agar rezim Jokowi tetap mengkilap"||2015-07-02 11:07:28||GeoLocation{latitude=-6.1725777, longitude=106.8776896}
616458116410912768||DenFajar_||Sampai ketemu lg genk saat di lantik oleh Presiden Jokowi nanti. Semoga jd‚Ä¶ (w/ Fatkhul & Alghifahri) [pic] ‚Äî https://t.co/wU4i1MlIVd||2015-07-02 11:07:22||null
616458090381119488||miss_tek||HEEMM "@kompascom: Tak Puas dengan Kinerja Tim Ekonomi, Jokowi Turun Tangan Lobi Investor http://t.co/GAUTD4CJaM"||2015-07-02 11:07:16||null
616458086706909184||BeritaIndonesa||kompascom: Tak Puas dengan Kinerja Tim Ekonomi, Jokowi Turun Tangan Lobi Investor  http://t.co/rTIpZB5aRG||2015-07-02 11:07:15||null
616458045174906882||jokowiclub||karimmunthe: Bos Freeport Bertemu Jokowi di Istana, Ada Apa? | Republika Online  via  http://t.co/H35QZo3BFb||2015-07-02 11:07:05||null
616458044474392579||jokowiclub||ogysugiyono: Marwan Minta Kepala Daerah Salurkan Dana Desa:  http://t.co/H35QZo3BFb||2015-07-02 11:07:05||null
616458043723677698||jokowiclub||CollectionYazid: Namun semua itu sama sekali tidak mengganggu para pemuja Jokowi. Mungkin efek air cucian kaki...  http://t.co/H35QZo3BFb||2015-07-02 11:07:05||null
616458042758959104||jokowiclub||yuda_15: "Evaluasi/dgani RT: Tak Puas dengan Kinerja Tim Ekonomi, Jokowi Turun Tangan Lobi Investor "  http://t.co/H35QZo3BFb||2015-07-02 11:07:05||null
616458041920106497||jokowiclub||ngetwitsendiri: Tak Puas dengan Kinerja Tim Ekonomi, Jokowi Turun Tangan Lobi Investor  http://t.co/H35QZo3BFb||2015-07-02 11:07:05||null
616458040837959681||JojoWati||Hahahaha... Jokowi Jokowi, menipu mulu kerjanya. https://t.co/EyomPtsORJ||2015-07-02 11:07:04||null
616457920184627202||karimmunthe||Bos Freeport Bertemu Jokowi di Istana, Ada Apa? | Republika Online http://t.co/nkGFfzZ4Hm via @republikaonline||2015-07-02 11:06:36||null
616457894653865985||ogysugiyono||Marwan Minta Kepala Daerah Salurkan Dana Desa: http://t.co/aWngOsI2UC @jokowi @blontankpoer @nukman||2015-07-02 11:06:29||null
616457865377611776||CollectionYazid||Namun semua itu sama sekali tidak mengganggu para pemuja Jokowi. Mungkin efek air cucian kaki Jokowi teramat menyihir.||2015-07-02 11:06:22||null
616457856968056833||elcason||RT @ragilnugroho1: Survei dari Cak Limin hasilnya: Orang orang pintar, begitu jadi bagian kabinet Jokowi, akan berubah jd bodoh n tdk mampu‚Ä¶||2015-07-02 11:06:20||null
616457841033875456||yuda_15||"Evaluasi/dgani RT@kompascom: Tak Puas dengan Kinerja Tim Ekonomi, Jokowi Turun Tangan Lobi Investor http://t.co/eOlRs8sSie"||2015-07-02 11:06:17||null
616457828836986881||ngetwitsendiri||Tak Puas dengan Kinerja Tim Ekonomi, Jokowi Turun Tangan Lobi Investor http://t.co/FdBnADSBo2||2015-07-02 11:06:14||null
616457810189008896||DaengMattiro||Nyinyir di Twitter, Ahmad Dhani Minta Jokowi Diganti - http://t.co/b7XoylgoMo http://t.co/KbCLQl7Lxn||2015-07-02 11:06:09||null
616457797555728385||TuitSolo||#TuitSolo KONTRAK KARYA FREEPORT : Petinggi Freeport Temui Jokowi di Istana, Ada Apa? #Solo #Tuit||2015-07-02 11:06:06||null
616457779780300800||MiftahPistim||@jokowi http://t.co/l3Umv8aO7C||2015-07-02 11:06:02||null
616457775284125696||jokowibejo||Open sale Xiaomi mi4i hanya disini, harga 2.799.000 cashback 10% hingga cicilan bisa 12 bulan...wow banget...hayo... http://t.co/IXmahOWxAk||2015-07-02 11:06:01||null
616457763242119168||elcason||RT @ragilnugroho1: #jokowipedia berisi konten menyesatkan agar rezim Jokowi tetap mengkilap||2015-07-02 11:05:58||null
616457730925006848||MerapiRadio||KONTRAK KARYA FREEPORT : Petinggi Freeport Temui Jokowi di Istana, Ada Apa? http://t.co/mOyDMhtHSo||2015-07-02 11:05:50||null
616457721223647232||PuisiJokowi||#Nganjuk Serem, Pengemudi ini hampir tewas terbelah dua  http://t.co/HLrmyQwzha||2015-07-02 11:05:48||null
616457701699268609||irawandanas||Jokowi Teken Perpres Rencana Aksi Nasional HAM 2015-2019 http://t.co/4wWlXSIHYu||2015-07-02 11:05:43||null
616457689334419456||suaranusa||Bos Freeport Bertemu Jokowi di Istana, Ada Apa? http://t.co/S3sn4T9T0g||2015-07-02 11:05:41||null
616457659374551040||irawandanas||Jokowi Teken Perpres Rencana Aksi Nasional HAM 2015-2019 http://t.co/4wWlXSIHYu||2015-07-02 11:05:33||null
616457593024815105||DarwinUddia||Bos Freeport Bertemu Jokowi di Istana, Ada Apa? http://t.co/WAATkZJewf||2015-07-02 11:05:18||null
616457587496742912||santosowibawa||Jokowi Teken Perpres Rencana Aksi Nasional HAM 2015-2019 http://t.co/zt7pqfKH4W||2015-07-02 11:05:16||null
616457574079049728||merahfalaki||RT @VIVAcoid: Freeport Bertemu Jokowi, Apa yang Dibahas ? http://t.co/gyyMakNK81 http://t.co/a01pmHDimi||2015-07-02 11:05:13||null
616457560124719104||FansParniHadi||Bos Freeport Bertemu Jokowi di Istana, Ada Apa? http://t.co/UBIDbPt9Mi||2015-07-02 11:05:10||null
616457544253485056||pasartunggingid||RT @VIVAcoid: Freeport Bertemu Jokowi, Apa yang Dibahas ? http://t.co/gyyMakNK81 http://t.co/a01pmHDimi||2015-07-02 11:05:06||null
616457541518798849||RadjaMention||Bos Freeport Bertemu Jokowi di Istana, Ada Apa? http://t.co/F2t2d76Cny||2015-07-02 11:05:05||null
616457534660984832||ainunrokhman066||Lukai Hati Rakyat Indonesia, Jokowi Datangkan Ribuan Buruh Asal China Bekerja di Banten & Papua... http://t.co/zJH1uWC0uF||2015-07-02 11:05:04||null
616457521218195456||ariefbukhari_||RT @ypaonganan: Rekor utang 7 bulan Pemerintahan Jokowi: Rp.859T (Bank Nasional Cina, Rp.659T, IDB Rp.66T, Bank Dunia Rp.143T) #sudahlahjok‚Ä¶||2015-07-02 11:05:00||null
616457481246486528||NurdinMicky||http://t.co/aa7DK1C3uY||2015-07-02 11:04:51||null
616457469301145601||danang_dancel||RT @ikastara_org: Siaran Pers Ikastara; cek http://t.co/wyJJpywXbp cc: @SBYudhoyono @GeneralMoeldoko @jokowi @chappyhakim @TNIOnline||2015-07-02 11:04:48||null
616457466453303296||belengkalsel||"Serang" Kolega di Kabinet, Menteri Jokowi Dinilai Ciptakan Tradisi Buruk http://t.co/tL37Cvdmaf||2015-07-02 11:04:47||null
616457428889006080||chamidin_||@detikcom: Jokowi Teken Perpres Rencana Aksi Nasional HAM 2015-2019 http://t.co/U9xRsuJ5Qa/s/Rpj6||2015-07-02 11:04:38||null
616457408454340609||iKlanFacebook||Nyinyir di Twitter, Ahmad Dhani Minta Jokowi Diganti - http://t.co/2hViZGVCKJ http://t.co/Sas62qsCCR||2015-07-02 11:04:34||null
616457401282068480||sudarmaji91||Kekalahan yg menyakitkan masih membekas di hati "@tempodotco: Nyinyir di Twitter, Ahmad Dhani Minta Jokowi Diganti http://t.co/DL5llq0rVY"||2015-07-02 11:04:32||null
616457400414040064||ngetweet_terus||#thw911 Jokowi Teken Perpres Rencana Aksi Nasional HAM 2015-2019 http://t.co/Y1IaLBhGrk||2015-07-02 11:04:32||null
616457392549576704||fatma_wati179||@MataNajwa #MataNajwa @jokowi Selamat HUT Bhayangkara yg ke-69 semoga Polisi semakin terdepan dan banyak melahirkan Polisi" yg bersih||2015-07-02 11:04:30||null
616457369690619904||AkunResmiJokowi||#Sosok Charles Honoris: Jokowi Lebih Berani Lawan Kapitalis http://t.co/AFhcOnu4SQ Bank Dunia: harga pangan global menurun  #ProfilTokohDPR||2015-07-02 11:04:24||null
616457369543770112||HonorisCharles||#Sosok Charles Honoris: Jokowi Lebih Berani Lawan Kapitalis http://t.co/wjGsjzXHgO Bank Dunia: harga pangan global menurun  #ProfilTokohDPR||2015-07-02 11:04:24||null
616457369480900608||databeriita||#Sosok Charles Honoris: Jokowi Lebih Berani Lawan Kapitalis http://t.co/fWPcYgIL0K Bank Dunia: harga pangan global menurun  #ProfilTokohDPR||2015-07-02 11:04:24||null
616457369296310272||charleshonoris_||#Sosok Charles Honoris: Jokowi Lebih Berani Lawan Kapitalis http://t.co/V1BTVuaiOh Bank Dunia: harga pangan global menurun  #ProfilTokohDPR||2015-07-02 11:04:24||null
616457368763678720||AkunResmiJokowi||#Sosok Charles Honoris: Jokowi Lebih Berani Lawan Kapitalis http://t.co/AFhcOnu4SQ DPD Organda Bali siapkan 139 bus mudik  #ProfilTokohDPR||2015-07-02 11:04:24||null
616457368734273536||HonorisCharles||#Sosok Charles Honoris: Jokowi Lebih Berani Lawan Kapitalis http://t.co/wjGsjzXHgO DPD Organda Bali siapkan 139 bus mudik  #ProfilTokohDPR||2015-07-02 11:04:24||null
616457368512016385||charleshonoris_||#Sosok Charles Honoris: Jokowi Lebih Berani Lawan Kapitalis http://t.co/V1BTVuaiOh DPD Organda Bali siapkan 139 bus mudik  #ProfilTokohDPR||2015-07-02 11:04:24||null
616457368335810560||databeriita||#Sosok Charles Honoris: Jokowi Lebih Berani Lawan Kapitalis http://t.co/fWPcYgIL0K DPD Organda Bali siapkan 139 bus mudik  #ProfilTokohDPR||2015-07-02 11:04:24||null
616457367983493120||AkunResmiJokowi||#Sosok Charles Honoris: Jokowi Lebih Berani Lawan Kapitalis http://t.co/AFhcOnu4SQ Grundfos: Cukup senyap untuk Wimbledon  #ProfilTokohDPR||2015-07-02 11:04:24||null
616457367631319040||HonorisCharles||#Sosok Charles Honoris: Jokowi Lebih Berani Lawan Kapitalis http://t.co/wjGsjAfiFo Grundfos: Cukup senyap untuk Wimbledon  #ProfilTokohDPR||2015-07-02 11:04:24||null
616457367618609152||charleshonoris_||#Sosok Charles Honoris: Jokowi Lebih Berani Lawan Kapitalis http://t.co/V1BTVuaiOh Grundfos: Cukup senyap untuk Wimbledon  #ProfilTokohDPR||2015-07-02 11:04:24||null
616457367614427137||databeriita||#Sosok Charles Honoris: Jokowi Lebih Berani Lawan Kapitalis http://t.co/fWPcYgIL0K Grundfos: Cukup senyap untuk Wimbledon  #ProfilTokohDPR||2015-07-02 11:04:24||null
616457367194972160||AkunResmiJokowi||#Sosok Charles Honoris: Jokowi Lebih Berani Lawan Kapitalis http://t.co/AFhcOnu4SQ Chicago Bulls perpanjang kontrak Ji...  #ProfilTokohDPR||2015-07-02 11:04:24||null
616457366746206208||databeriita||#Sosok Charles Honoris: Jokowi Lebih Berani Lawan Kapitalis http://t.co/fWPcYgIL0K Chicago Bulls perpanjang kontrak Ji...  #ProfilTokohDPR||2015-07-02 11:04:24||null
616457366670716928||charleshonoris_||#Sosok Charles Honoris: Jokowi Lebih Berani Lawan Kapitalis http://t.co/V1BTVuaiOh Chicago Bulls perpanjang kontrak Ji...  #ProfilTokohDPR||2015-07-02 11:04:24||null
616457366511325184||HonorisCharles||#Sosok Charles Honoris: Jokowi Lebih Berani Lawan Kapitalis http://t.co/wjGsjzXHgO Chicago Bulls perpanjang kontrak Ji...  #ProfilTokohDPR||2015-07-02 11:04:24||null
616457364015677440||BudimanZ2||RT @kompascom: Tak Puas dengan Kinerja Tim Ekonomi, Jokowi Turun Tangan Lobi Investor http://t.co/XeXXSesZUk||2015-07-02 11:04:23||null
616457336253628416||anangjaddah_ID||Pak @jokowi mohon direvisi lg UU BPJS ketenagakerjaan, masa bapak nggak kasihan sm pekerja, uang BPJS 10 ... http://t.co/RT5478bU00||2015-07-02 11:04:16||null
616457300950261760||FXS_Finance_MS||Jokowi Diminta Tak Sia-siakan Kesempatan Lakukan "Reshuffle" #Kewangan https://t.co/2xaYNi7pKP||2015-07-02 11:04:08||null
616457267467038722||AnakSemang||@jokowi I wish You could Be My Friend!harus#AnakSemang #NKRI#edtech‚åö2/07/2015 11:03:58 ‚åõ498||2015-07-02 11:04:00||null
616457250916335616||panji_kha||RT @ragilnugroho1: #jokowipedia berisi konten menyesatkan agar rezim Jokowi tetap mengkilap||2015-07-02 11:03:56||null
616457227574968320||adam24maliq||RT @republikaonline: Bos Freeport Bertemu Jokowi di Istana, Ada Apa? http://t.co/BdY4aHuqPP||2015-07-02 11:03:50||null
616457220260114432||Adi_imfrecatory||@mata_indigo ; penyebutan ALUTSISTA ala @KompasTV. Kok kayak @jokowi ya,,,jadi yg bener ALUTISTA apa ALUTSISTA..?? http://t.co/yY98ofvJvx||2015-07-02 11:03:49||null
616457206234509312||Utrolley||Freeport Bertemu Jokowi, Apa yang Dibahas ? http://t.co/2g1VmZkRk6||2015-07-02 11:03:45||null
616457197942259712||kompascom||Tak Puas dengan Kinerja Tim Ekonomi, Jokowi Turun Tangan Lobi Investor http://t.co/XeXXSesZUk||2015-07-02 11:03:43||null
616457196893700096||ainunrokhman066||Lukai Hati Rakyat Indonesia, Jokowi Datangkan Ribuan Buruh Asal China Bekerja di Banten & Papua http://t.co/CnaWYQ5QQQ lewat @panjimascom||2015-07-02 11:03:43||null
616457190463832064||duniabizonline||Freeport Bertemu Jokowi, Apa yang Dibahas ? http://t.co/32VFafk6DS http://t.co/vGhJuaItvB||2015-07-02 11:03:42||null
616457184394657792||FJBBONTANG||Nyinyir di Twitter, Ahmad Dhani Minta Jokowi Diganti - http://t.co/Duo5Rwo8YH http://t.co/MA7VKZT3Nw||2015-07-02 11:03:40||null
616457163116908544||YaAzaria||Nyinyir di Twitter, Ahmad Dhani Minta Jokowi Diganti - http://t.co/r4nuwWNs4I http://t.co/AthrLLasPQ||2015-07-02 11:03:35||null
616457159295897600||dewipersikfans||Nyinyir di Twitter, Ahmad Dhani Minta Jokowi Diganti - http://t.co/eZ3HocJDfT http://t.co/jGnGJI8ubp||2015-07-02 11:03:34||null
616457158431879169||RizkyFadia||Nyinyir di Twitter, Ahmad Dhani Minta Jokowi Diganti - http://t.co/PMaCrZj928 http://t.co/9b5guxHigg||2015-07-02 11:03:34||null
616457157756620804||ucu_sawitri||Nyinyir di Twitter, Ahmad Dhani Minta Jokowi Diganti - http://t.co/nQypBhZNDH http://t.co/Bk3IubFi8O||2015-07-02 11:03:34||null
616457157341384704||mudha_satriya||RT @PartaiSocmed: PRIORITAS RESHUFFLE KABINET JOKOWI http://t.co/n9xbPpG0Iq „Ää„Äã by @PartaiSocmed - http://t.co/NaL6TQPBWF||2015-07-02 11:03:34||null
616457157337153536||renitweet||Nyinyir di Twitter, Ahmad Dhani Minta Jokowi Diganti - http://t.co/RoDUHoyBDn http://t.co/Hz2JuuspGv||2015-07-02 11:03:34||null
616457153100976128||SocialMedia_ID||Nyinyir di Twitter, Ahmad Dhani Minta Jokowi Diganti - http://t.co/9EnSSdfas9 http://t.co/qtmsQoBdC3||2015-07-02 11:03:33||null
616457130674012160||AgusSertyo||#TestTTIbyArifyusap Detik Jokowi @DetikJokowi: fatma_wati179: Selamat Ulang Tahun untuk Polri trimakasih atas ba...  hai.Follow aku ya :)||2015-07-02 11:03:27||null
616457118439190528||The_Bassistman||:) RT @dreybotak @jokowi Mao jadi perampok hak rakyat om jok? http://t.co/mX8KDkIWCp||2015-07-02 11:03:24||null
616457078857576448||Kppjokowi||RT @detikcom: Jokowi Teken Perpres Rencana Aksi Nasional HAM 2015-2019 http://t.co/jnm1gXy7ko||2015-07-02 11:03:15||null
616457061472153600||ausita142||Jokowi presiden goblok yg gx mudeng bhasa inggris||2015-07-02 11:03:11||null
616457009253122048||BeritaCapresRI||"Serang" Kolega di Kabinet, Menteri Jokowi Dinilai Ciptakan Tradisi ... - http://t.co/1dhqoOxtRG http://t.co/FZWDd1XDSM - #PraharaItuBencana||2015-07-02 11:02:58||null
616456989518880768||TwitAjah||RT @ragilnugroho1: #jokowipedia berisi konten menyesatkan agar rezim Jokowi tetap mengkilap||2015-07-02 11:02:54||null
616456973039501312||dedihermanto813||RT @CollectionYazid: Menuduh wanita berjilbab banyak terkena aids, mengaji Al-Qur'an dengan langgam Jawa, adalah cermin keburukan Jokowi.||2015-07-02 11:02:50||null
616456967997931520||rajawaliNKRI||RT @kakekcobra: @patriot_365 RAKYAT BERTANYA,MASI ADAKAH YG BISA DIPERCAYA MEMIMPIN NEGRI YG KAYA SDA DAN SDMNYA,TP MENGAPA JOKOWI BERIKAN ‚Ä¶||2015-07-02 11:02:49||null
616456945893928961||MiftahPistim||@jokowi Bahkan tidak tahu banyak gelombang PHK http://t.co/hrtDiknbg8||2015-07-02 11:02:43||null
616456932207915009||Benyuha||Perpanjang kontrak ya ?‚Äú@republikaonline: Bos Freeport Bertemu Jokowi di Istana, Ada Apa? http://t.co/WcYsjjDgeU‚Äù||2015-07-02 11:02:40||null
616456873529622529||Fr33P4l3st1n3||SOE Minister Denies Insulting Jokowi in Public http://t.co/YpWM8uePKS via @thejakartaglobe||2015-07-02 11:02:26||null
616456863882674177||Sutris_isback90||Bahas pssi ujung ujungnya masalahin jokowi Emang elo itu pemain simpatisan politik apa  suporter sih ngurusin bola kok tiba bawa nama jokowi||2015-07-02 11:02:24||null
616456863627014144||utamanewscom||Nyinyir di Twitter, Ahmad Dhani Minta Jokowi Diganti http://t.co/9mcw4tXnZt||2015-07-02 11:02:24||null
616456836028305408||DetikJokowi||fatma_wati179: Selamat Ulang Tahun untuk Polri trimakasih atas bantuannya semoga berkah @detikcom @kompascom @jokowi||2015-07-02 11:02:17||null
616456825106370560||iwanrocks||Cc:@sport7trans7 @Bolanet @bepe20s @republikaonline @GOAL_ID @PSSl__FAI @okezonenews @detikcom @panca66 @jokowi  https://t.co/fWeoBaX5oI||2015-07-02 11:02:14||null
616456812292771841||MafiaBirokrasi2||(Telpon Langsung)Indonesia akan Batal Asian Games,Gmn Pak Jokowi? http://t.co/TyhmwjJt6m #kepo||2015-07-02 11:02:11||null
616456811571318784||DitAnggreyni||Hany era jokowi,sistem pemerintahan tambah kacau bablas....tambah dodol aj!||2015-07-02 11:02:11||null
616456775512932352||fauzihs||@geberbumn @BPJSTKinfo @hanifdhakiri @jokowi @aisseru mungkin lebih layak masuk jeruji besi, itupun klu PPNS @humasnaker berani&bener..||2015-07-02 11:02:03||null
616456748686114817||Kppjokowi||Pak @jokowi  padahal potensi pariwisata Indonesia sangat menjanjikan kalau dikelolah dgn benar https://t.co/KNbFxAadRO||2015-07-02 11:01:56||null
616456736715616257||AdjiesSmo||Nyinyir di Twitter, Ahmad Dhani Minta Jokowi Diganti http://t.co/ASroEGMmhG via @tempodotco||2015-07-02 11:01:53||null
616456721439961089||Bara_Jokowi||6 Fraksi Sudah Usulkan Program Dana Aspirasi, Apa Selanjutnya? http://t.co/W7DRzWenA0||2015-07-02 11:01:50||null
616456661260079104||ninjacapkampak||RT @rotatimu: @jokowi: jgn bgt @tp1rochaena itu contoh premanisme jg ha3x , @ninjacapkampak tetaplh kerja3x bagaikn ninja! :)||2015-07-02 11:01:35||null
616456652032610304||iwans_setiawan||Bpk Presiden Yth, Prajurit tempur udaraku banyak yg gugur karena alutsista yg udah dimakan usia bkn karena musuh @jokowi||2015-07-02 11:01:33||null
616456641647525889||fatma_wati179||Selamat Ulang Tahun untuk Polri trimakasih atas bantuannya semoga berkah @detikcom @kompascom @jokowi http://t.co/mzKm4fWUw2||2015-07-02 11:01:31||null
616456639965736960||r_mahmudin||Freeport Bertemu Jokowi, Apa yang Dibahas ? http://t.co/ROGNJfq8b4||2015-07-02 11:01:30||null
616456609515073536||ieuaji||Video Hercules C-130 Jatuh di Medan, Jokowi Akan Audit Total Alutsista - Berita Terbaru http://t.co/uRLJ6TPaa5||2015-07-02 11:01:23||null
616456535632293888||DetakS157||4 Tahun Terakhir Nilai Ekspor Kaltim Terus Alami Penurunan http://t.co/lzPtfM65ut @jokowi @Pak_JK @Zuhdi_Yahya1 @infokaltim @InfoSamarinda||2015-07-02 11:01:05||null
616456523917594624||dewwicantik||Ada diskusi tentang Jokowi lho, ikutan yuk, @yaman_suryaman gabung aja ke @PintarPolitik||2015-07-02 11:01:03||null
616456523103911936||dewwicantik||Gimana tentang Jokowi?Ikutan diskusi yuk, @MiftahPistim gabung aja ke @PintarPolitik||2015-07-02 11:01:02||null
616456514711097344||Fr33P4l3st1n3||Frustrated @jokowi Launches Charm Offensive With Investors http://t.co/IZGUvDHoJH via @thejakartaglobe - #sudahlahjokowi||2015-07-02 11:01:00||null
616456440597880833||SayutiMalik9||ayp ada apa ? #kepoya RT @republikaonline Bos Freeport Bertemu Jokowi di Istana, Ada Apa?||2015-07-02 11:00:43||null
616456435426177024||ninjacapkampak||@TP1Rochaena @jokowi hahha||2015-07-02 11:00:42||null
616456429604507648||egbertwins||@ChangeOrg_ID Peserta BPJS berhak mengatur keuangannya sendiri dan pencairan JHT Jamsostek merupakan hak pekerja Pak @jokowi tolong direview||2015-07-02 11:00:40||null
616456429050826753||yudaka007||pak @jokowi piye pak piye.. üò≠ https://t.co/MTIqK5xHZm||2015-07-02 11:00:40||null
616456416614723585||MiftahPistim||@jokowi Waspada PKI!! http://t.co/Y69TWbOGS7||2015-07-02 11:00:37||null
616456390807175170||kataa2_motivasi||#TestTTIbyArifyusap Puisi Jokowi @PuisiJokowi: #madiun Ahok Datangi Kantor Rini Bahas LRT Jakarta  goo.g  hai.Follow aku ya :)||2015-07-02 11:00:31||null
616456390027055104||kataa2_motivasi||#TestTTIbyArifyusap Puisi Jokowi @PuisiJokowi: #madiun Anjing Pelacak Endus Sesuatu di Lokasi, Reruntuhan Digali...  hai.Follow aku ya :)||2015-07-02 11:00:31||null
616456388626157568||kataa2_motivasi||#TestTTIbyArifyusap Puisi Jokowi @PuisiJokowi: #madiun Anggota Komisi I DPR Ragu Ada Komersialisasi Hercules  go...  hai.Follow aku ya :)||2015-07-02 11:00:30||null
616456386625433602||kataa2_motivasi||#TestTTIbyArifyusap Puisi Jokowi @PuisiJokowi: #madiun Kurma untuk Kue, Apakah Perlu Direndam Air Dulu?  goo.g  hai.Follow aku ya :)||2015-07-02 11:00:30||null
616456385027375104||kataa2_motivasi||#TestTTIbyArifyusap Puisi Jokowi @PuisiJokowi: #madiun Panglima TNI: Alat Angkut Udara TNI Usianya Tua, Tapi Mas...  hai.Follow aku ya :)||2015-07-02 11:00:30||null
616456373967187968||ragilnugroho1||#jokowipedia berisi konten menyesatkan agar rezim Jokowi tetap mengkilap||2015-07-02 11:00:27||null
616456368870985732||yaman_suryaman||RT @RumahAMAN: Usut para tentara lain yang terlibat mengeroyok Jopi selain Praka JL #40hariJopi @jokowi @GeneralMoeldoko||2015-07-02 11:00:26||null
616456364102029312||SekseehOnline||Menteri ESDM: Freeport Berkomitmen Lanjutkan Investasi: Petinggi Freeport yang menemui Presiden Jokowi CEO Fre... http://t.co/7ptRdUqpSH||2015-07-02 11:00:25||null
616456363783249920||dreybotak||@jokowi bodo https://t.co/FQXITKgypK||2015-07-02 11:00:24||null
616456323740217344||WSuryasana||@ely_susianti : AD masih turunan Zionis juga, http://t.co/i8l98B9Zmg ; gak usah diladeni serahkan ke Farhat abbas aja @suaralit @wongmlaku||2015-07-02 11:00:15||null
616456307466309633||kabartimlo||[Nasional] Jokowi : Telah Gugur Putra Terbaik Bangsa Indonesia http://t.co/7v92hoLwn3||2015-07-02 11:00:11||null
616456307386683393||timlovers||[Nasional] Jokowi : Telah Gugur Putra Terbaik Bangsa Indonesia http://t.co/FZKXAJmyIp||2015-07-02 11:00:11||null
616456235538251776||PuisiJokowi||#madiun Ahok Datangi Kantor Rini Bahas LRT Jakarta  http://t.co/0Z3ljdv6a0||2015-07-02 10:59:54||null
616456234846150656||PuisiJokowi||#madiun Anjing Pelacak Endus Sesuatu di Lokasi, Reruntuhan Digali Lagi  http://t.co/0Z3ljdv6a0||2015-07-02 10:59:54||null
616456233927585793||PuisiJokowi||#madiun Anggota Komisi I DPR Ragu Ada Komersialisasi Hercules  http://t.co/0Z3ljdv6a0||2015-07-02 10:59:54||null
616456232690266112||PuisiJokowi||#madiun Kurma untuk Kue, Apakah Perlu Direndam Air Dulu?  http://t.co/0Z3ljdv6a0||2015-07-02 10:59:53||null
616456231725608960||PuisiJokowi||#madiun Panglima TNI: Alat Angkut Udara TNI Usianya Tua, Tapi Masih Layak Terbang  http://t.co/0Z3ljdv6a0||2015-07-02 10:59:53||null
616456226843459584||Sutris_isback90||@BolaBawahTanah @uzyangelo22 kenapa sih kebaanyakan fans pssi bawa bawa nama jokowi. Oh iya PSSI kan koalisinya KMP ? pantesan ribet banget||2015-07-02 10:59:52||null
616456216324124672||DKI24Jam||"Serang" Kolega di Kabinet, Menteri Jokowi Dinilai Ciptakan Tradisi ... - http://t.co/YvEWIZkKfq http://t.co/8xOufv8emz||2015-07-02 10:59:49||null
616456213753040896||AntarKota_||"Serang" Kolega di Kabinet, Menteri Jokowi Dinilai Ciptakan Tradisi ... - http://t.co/ZLJ13xk0b4 http://t.co/dZp48LnIWC||2015-07-02 10:59:49||null
616456211815239680||DKI24Jam||"Serang" Kolega di Kabinet, Menteri Jokowi Dinilai Ciptakan Tradisi ... - http://t.co/YvEWIZkKfq http://t.co/OwD2EQZLbq||2015-07-02 10:59:48||null
616456210003267584||karisjawara1||nyesek bgt pak @jokowi rencana mau cairin dna jht  bln agustus nanti buat penyambung hidup lg nganggur. sekejam itu kah negara pd rakyatnya||2015-07-02 10:59:48||null
616456204856897536||Bara_Jokowi||Gagal di Piala Dunia, Argentina Bertekad Tak Lewatkan Trofi Copa America http://t.co/MywxpiNKBn||2015-07-02 10:59:47||null
616456202893922304||jokowiclub||Ahok Datangi Kantor Rini Bahas LRT Jakarta  http://t.co/hWtH1mafba||2015-07-02 10:59:46||null
616456202730340352||GAMEANDROIDnew||Ahok Datangi Kantor Rini Bahas LRT Jakarta  http://t.co/RjcZjSeWbn||2015-07-02 10:59:46||null
616456202055122944||jokowiclub||Anjing Pelacak Endus Sesuatu di Lokasi, Reruntuhan Digali Lagi  http://t.co/hWtH1mafba||2015-07-02 10:59:46||null
616456201727938560||GAMEANDROIDnew||Anjing Pelacak Endus Sesuatu di Lokasi, Reruntuhan Digali Lagi  http://t.co/RjcZjSeWbn||2015-07-02 10:59:46||null
616456200800972800||GAMEANDROIDnew||Anggota Komisi I DPR Ragu Ada Komersialisasi Hercules  http://t.co/RjcZjSeWbn||2015-07-02 10:59:46||null
616456200620617728||jokowiclub||Anggota Komisi I DPR Ragu Ada Komersialisasi Hercules  http://t.co/hWtH1mafba||2015-07-02 10:59:46||null
616456199932776448||jokowiclub||Kurma untuk Kue, Apakah Perlu Direndam Air Dulu?  http://t.co/hWtH1mafba||2015-07-02 10:59:45||null
616456199689539585||GAMEANDROIDnew||Kurma untuk Kue, Apakah Perlu Direndam Air Dulu?  http://t.co/RjcZjSeWbn||2015-07-02 10:59:45||null
616456199190376448||jokowiclub||Panglima TNI: Alat Angkut Udara TNI Usianya Tua, Tapi Masih Layak Terbang  http://t.co/hWtH1mafba||2015-07-02 10:59:45||null
616456198926155776||GAMEANDROIDnew||Panglima TNI: Alat Angkut Udara TNI Usianya Tua, Tapi Masih Layak Terbang  http://t.co/RjcZjSeWbn||2015-07-02 10:59:45||null
616456126133960704||PuisiJokowi||#Nganjuk Meski tak cetak gol, Messi tetap jadi yang terbaik  http://t.co/HLrmyQwzha||2015-07-02 10:59:28||null
616456120253571074||rotatimu||@jokowi: jgn bgt @tp1rochaena itu contoh premanisme jg ha3x , @ninjacapkampak tetaplh kerja3x bagaikn ninja! :)||2015-07-02 10:59:26||null
616456112888348672||CollectionYazid||Namun Jokowi sangat percaya diri, karena ia hadir mewakili keburukan para pemilihnya yang kini larut menjadi pemujanya.||2015-07-02 10:59:25||null
